species,illusion,illusion_strength,err_pos_diff,err_neg_diff,err_overall,err_ci_low,err_ci_high,asymmetry,n_errors,n_trials
human,Contrast,-31.5,0.05957,0.0498,0.05469,0.04565,0.06539,0.00977,112,2048
human,Contrast,-27.0,0.03906,0.03027,0.03467,0.02758,0.0435,0.00879,71,2048
human,Contrast,-22.5,0.05957,0.06152,0.06055,0.05102,0.07172,-0.00195,124,2048
human,Contrast,-18.0,0.0332,0.02637,0.02979,0.02326,0.03807,0.00684,61,2048
human,Contrast,-13.5,0.05859,0.05078,0.05469,0.04565,0.06539,0.00781,112,2048
human,Contrast,-9.0,0.03027,0.02148,0.02588,0.01984,0.03369,0.00879,53,2048
human,Contrast,-4.5,0.05273,0.04297,0.04785,0.03942,0.05797,0.00977,98,2048
human,Contrast,0.0,0.02237,0.02187,0.02212,0.01801,0.02714,0.0005,89,4024
human,Contrast,4.5,0.13086,0.09277,0.11182,0.09889,0.1262,0.03809,229,2048
human,Contrast,9.0,0.19629,0.1377,0.16699,0.15147,0.18377,0.05859,342,2048
human,Contrast,13.5,0.44336,0.3877,0.41553,0.39436,0.43701,0.05566,851,2048
human,Contrast,18.0,0.39062,0.30176,0.34619,0.32589,0.36707,0.08887,709,2048
human,Contrast,22.5,0.60156,0.54004,0.5708,0.54925,0.59209,0.06152,1169,2048
human,Contrast,27.0,0.55762,0.43164,0.49463,0.47301,0.51627,0.12598,1013,2048
human,Contrast,31.5,0.72266,0.62891,0.67578,0.6552,0.69571,0.09375,1384,2048
human,Ebbinghaus,-2.03,0.03809,0.05273,0.04541,0.03721,0.05531,-0.01465,93,2048
human,Ebbinghaus,-1.74,0.02441,0.02344,0.02393,0.01814,0.03149,0.00098,49,2048
human,Ebbinghaus,-1.45,0.04102,0.05273,0.04688,0.03854,0.05691,-0.01172,96,2048
human,Ebbinghaus,-1.16,0.02734,0.01855,0.02295,0.0173,0.03038,0.00879,47,2048
human,Ebbinghaus,-0.87,0.04395,0.06934,0.05664,0.04743,0.06751,-0.02539,116,2048
human,Ebbinghaus,-0.58,0.02539,0.03223,0.02881,0.0224,0.03698,-0.00684,59,2048
human,Ebbinghaus,-0.29,0.07227,0.09961,0.08594,0.07456,0.09886,-0.02734,176,2048
human,Ebbinghaus,0.0,0.08797,0.08052,0.08424,0.07605,0.09323,0.00746,339,4024
human,Ebbinghaus,0.29,0.14551,0.1748,0.16016,0.14491,0.17667,-0.0293,328,2048
human,Ebbinghaus,0.58,0.12695,0.13574,0.13135,0.11741,0.14667,-0.00879,269,2048
human,Ebbinghaus,0.87,0.30371,0.35547,0.32959,0.30957,0.35025,-0.05176,675,2048
human,Ebbinghaus,1.16,0.27344,0.3252,0.29932,0.27987,0.31951,-0.05176,613,2048
human,Ebbinghaus,1.45,0.48438,0.50391,0.49414,0.47252,0.51578,-0.01953,1012,2048
human,Ebbinghaus,1.74,0.41309,0.44336,0.42822,0.40695,0.44977,-0.03027,877,2048
human,Ebbinghaus,2.03,0.57617,0.63184,0.604,0.58265,0.62497,-0.05566,1237,2048
human,MullerLyer,-49.0,0.03418,0.03125,0.03271,0.02584,0.04134,0.00293,67,2048
human,MullerLyer,-42.0,0.02441,0.01367,0.01904,0.01396,0.02593,0.01074,39,2048
human,MullerLyer,-35.0,0.03613,0.03418,0.03516,0.02801,0.04404,0.00195,72,2048
human,MullerLyer,-28.0,0.01562,0.0166,0.01611,0.0115,0.02254,-0.00098,33,2048
human,MullerLyer,-21.0,0.04102,0.03027,0.03564,0.02844,0.04458,0.01074,73,2048
human,MullerLyer,-14.0,0.01074,0.01367,0.01221,0.00828,0.01796,-0.00293,25,2048
human,MullerLyer,-7.0,0.04785,0.05469,0.05127,0.04253,0.06169,-0.00684,105,2048
human,MullerLyer,0.0,0.05815,0.07753,0.06784,0.06048,0.07603,-0.01938,273,4024
human,MullerLyer,7.0,0.27539,0.37988,0.32764,0.30765,0.34827,-0.10449,671,2048
human,MullerLyer,14.0,0.36621,0.46094,0.41357,0.39243,0.43505,-0.09473,847,2048
human,MullerLyer,21.0,0.5918,0.69629,0.64404,0.62305,0.66449,-0.10449,1319,2048
human,MullerLyer,28.0,0.59375,0.66406,0.62891,0.60776,0.64957,-0.07031,1288,2048
human,MullerLyer,35.0,0.75488,0.82715,0.79102,0.77287,0.80807,-0.07227,1620,2048
human,MullerLyer,42.0,0.7334,0.76074,0.74707,0.72779,0.76542,-0.02734,1530,2048
human,MullerLyer,49.0,0.80957,0.83691,0.82324,0.80612,0.83915,-0.02734,1686,2048
human,Ponzo,-25.2,0.03125,0.03027,0.03076,0.02412,0.03916,0.00098,63,2048
human,Ponzo,-21.6,0.02148,0.0166,0.01904,0.01396,0.02593,0.00488,39,2048
human,Ponzo,-18.0,0.02539,0.04199,0.03369,0.02671,0.04242,-0.0166,69,2048
human,Ponzo,-14.4,0.01562,0.01562,0.01562,0.01109,0.02197,0.0,32,2048
human,Ponzo,-10.8,0.06152,0.05078,0.05615,0.04699,0.06698,0.01074,115,2048
human,Ponzo,-7.2,0.03027,0.0293,0.02979,0.02326,0.03807,0.00098,61,2048
human,Ponzo,-3.6,0.06836,0.07227,0.07031,0.06002,0.08221,-0.00391,144,2048
human,Ponzo,0.0,0.10189,0.06809,0.08499,0.07676,0.09401,0.0338,342,4024
human,Ponzo,3.6,0.21094,0.18066,0.1958,0.17919,0.21355,0.03027,401,2048
human,Ponzo,7.2,0.20605,0.16016,0.18311,0.16695,0.20044,0.0459,375,2048
human,Ponzo,10.8,0.31445,0.33594,0.3252,0.30525,0.34579,-0.02148,666,2048
human,Ponzo,14.4,0.28906,0.30176,0.29541,0.27605,0.31554,-0.0127,605,2048
human,Ponzo,18.0,0.40039,0.46973,0.43506,0.41373,0.45663,-0.06934,891,2048
human,Ponzo,21.6,0.41992,0.48633,0.45312,0.43167,0.47475,-0.06641,928,2048
human,Ponzo,25.2,0.68848,0.77539,0.73193,0.71233,0.75067,-0.08691,1499,2048
human,VerticalHorizontal,-66.5,0.03809,0.03125,0.03467,0.02758,0.0435,0.00684,71,2048
human,VerticalHorizontal,-57.0,0.02441,0.02246,0.02344,0.01772,0.03094,0.00195,48,2048
human,VerticalHorizontal,-47.5,0.03809,0.03906,0.03857,0.03106,0.04782,-0.00098,79,2048
human,VerticalHorizontal,-38.0,0.02637,0.01953,0.02295,0.0173,0.03038,0.00684,47,2048
human,VerticalHorizontal,-28.5,0.05176,0.04102,0.04639,0.0381,0.05638,0.01074,95,2048
human,VerticalHorizontal,-19.0,0.04785,0.03516,0.0415,0.03369,0.05104,0.0127,85,2048
human,VerticalHorizontal,-9.5,0.08691,0.10449,0.0957,0.08371,0.10921,-0.01758,196,2048
human,VerticalHorizontal,0.0,0.07853,0.14513,0.11183,0.10246,0.12194,-0.0666,450,4024
human,VerticalHorizontal,9.5,0.22168,0.27734,0.24951,0.23125,0.26871,-0.05566,511,2048
human,VerticalHorizontal,19.0,0.30957,0.2998,0.30469,0.28513,0.32497,0.00977,624,2048
human,VerticalHorizontal,28.5,0.57422,0.58887,0.58154,0.56004,0.60274,-0.01465,1191,2048
human,VerticalHorizontal,38.0,0.53223,0.51074,0.52148,0.49983,0.54306,0.02148,1068,2048
human,VerticalHorizontal,47.5,0.71777,0.70801,0.71289,0.69291,0.73207,0.00977,1460,2048
human,VerticalHorizontal,57.0,0.62207,0.63379,0.62793,0.60677,0.64861,-0.01172,1286,2048
human,VerticalHorizontal,66.5,0.72852,0.72266,0.72559,0.70585,0.74448,0.00586,1486,2048
vlm,Contrast,-31.5,0.065,0.0,0.0325,0.02227,0.04719,0.065,26,800
vlm,Contrast,-27.0,0.0025,0.0,0.00125,0.00022,0.00705,0.0025,1,800
vlm,Contrast,-22.5,0.15,0.0,0.075,0.05871,0.09535,0.15,60,800
vlm,Contrast,-18.0,0.0,0.0,0.0,0.0,0.00478,0.0,0,800
vlm,Contrast,-13.5,0.0,0.0,0.0,0.0,0.00478,0.0,0,800
vlm,Contrast,-9.0,0.0,0.0,0.0,0.0,0.00478,0.0,0,800
vlm,Contrast,-4.5,0.0,0.0,0.0,0.0,0.00478,0.0,0,800
vlm,Contrast,0.0,0.00125,0.01,0.00562,0.00296,0.01066,-0.00875,9,1600
vlm,Contrast,4.5,0.1325,0.1975,0.165,0.14089,0.19231,-0.065,132,800
vlm,Contrast,9.0,0.04,0.1525,0.09625,0.0777,0.11866,-0.1125,77,800
vlm,Contrast,13.5,0.265,0.4725,0.36875,0.33602,0.40274,-0.2075,295,800
vlm,Contrast,18.0,0.395,0.18,0.2875,0.25721,0.31982,0.215,230,800
vlm,Contrast,22.5,0.6225,0.31,0.46625,0.43192,0.5009,0.3125,373,800
vlm,Contrast,27.0,0.4375,0.2875,0.3625,0.32992,0.3964,0.15,290,800
vlm,Contrast,31.5,0.6375,0.405,0.52125,0.48661,0.55568,0.2325,417,800
vlm,Ebbinghaus,-2.03,0.01,0.21,0.11,0.09015,0.13357,-0.2,88,800
vlm,Ebbinghaus,-1.74,0.005,0.045,0.025,0.01624,0.0383,-0.04,20,800
vlm,Ebbinghaus,-1.45,0.015,0.015,0.015,0.0086,0.02603,0.0,12,800
vlm,Ebbinghaus,-1.16,0.1025,0.0125,0.0575,0.04338,0.07585,0.09,46,800
vlm,Ebbinghaus,-0.87,0.1325,0.2225,0.1775,0.15258,0.2055,-0.09,142,800
vlm,Ebbinghaus,-0.58,0.0,0.09,0.045,0.03268,0.06167,-0.09,36,800
vlm,Ebbinghaus,-0.29,0.005,0.435,0.22,0.19267,0.25001,-0.43,176,800
vlm,Ebbinghaus,0.0,0.0,0.37,0.185,0.16674,0.20477,-0.37,296,1600
vlm,Ebbinghaus,0.29,0.0,0.28,0.14,0.11767,0.16577,-0.28,112,800
vlm,Ebbinghaus,0.58,0.025,0.3,0.1625,0.13856,0.18967,-0.275,130,800
vlm,Ebbinghaus,0.87,0.3375,0.1975,0.2675,0.23799,0.29923,0.14,214,800
vlm,Ebbinghaus,1.16,0.07,0.3175,0.19375,0.16785,0.22258,-0.2475,155,800
vlm,Ebbinghaus,1.45,0.1225,0.3375,0.23,0.20217,0.26041,-0.215,184,800
vlm,Ebbinghaus,1.74,0.1525,0.365,0.25875,0.22961,0.2902,-0.2125,207,800
vlm,Ebbinghaus,2.03,0.0775,0.45,0.26375,0.23439,0.29536,-0.3725,211,800
vlm,MullerLyer,-49.0,0.00227,0.0,0.00114,0.0002,0.00641,0.00227,1,880
vlm,MullerLyer,-42.0,0.00227,0.0,0.00114,0.0002,0.00641,0.00227,1,880
vlm,MullerLyer,-35.0,0.01364,0.0,0.00682,0.00313,0.0148,0.01364,6,880
vlm,MullerLyer,-28.0,0.00682,0.0,0.00341,0.00116,0.00997,0.00682,3,880
vlm,MullerLyer,-21.0,0.04318,0.0,0.02159,0.01387,0.03348,0.04318,19,880
vlm,MullerLyer,-14.0,0.07955,0.0,0.03977,0.02873,0.05481,0.07955,35,880
vlm,MullerLyer,-7.0,0.27727,0.0,0.13864,0.11737,0.16304,0.27727,122,880
vlm,MullerLyer,0.0,0.1625,0.00568,0.08409,0.07201,0.09798,0.15682,148,1760
vlm,MullerLyer,7.0,0.62955,0.07727,0.35341,0.32252,0.38557,0.55227,311,880
vlm,MullerLyer,14.0,0.55682,0.05227,0.30455,0.27504,0.33575,0.50455,268,880
vlm,MullerLyer,21.0,0.70455,0.03409,0.36932,0.33806,0.40171,0.67045,325,880
vlm,MullerLyer,28.0,0.67955,0.10455,0.39205,0.36032,0.4247,0.575,345,880
vlm,MullerLyer,35.0,0.82727,0.28182,0.55455,0.52154,0.58708,0.54545,488,880
vlm,MullerLyer,42.0,0.73636,0.25682,0.49659,0.46364,0.52957,0.47955,437,880
vlm,MullerLyer,49.0,0.94545,0.48409,0.71477,0.68406,0.74362,0.46136,629,880
vlm,Ponzo,-25.2,0.03,0.04,0.035,0.02432,0.05012,-0.01,28,800
vlm,Ponzo,-21.6,0.0825,0.02,0.05125,0.038,0.06879,0.0625,41,800
vlm,Ponzo,-18.0,0.045,0.07,0.0575,0.04338,0.07585,-0.025,46,800
vlm,Ponzo,-14.4,0.0025,0.005,0.00375,0.00128,0.01097,-0.0025,3,800
vlm,Ponzo,-10.8,0.105,0.0675,0.08625,0.06872,0.10774,0.0375,69,800
vlm,Ponzo,-7.2,0.1825,0.1025,0.1425,0.11998,0.16843,0.08,114,800
vlm,Ponzo,-3.6,0.2,0.08,0.14,0.11767,0.16577,0.12,112,800
vlm,Ponzo,0.0,0.0,0.05625,0.02813,0.02109,0.03743,-0.05625,45,1600
vlm,Ponzo,3.6,0.3875,0.1325,0.26,0.2308,0.29149,0.255,208,800
vlm,Ponzo,7.2,0.26,0.0225,0.14125,0.11883,0.1671,0.2375,113,800
vlm,Ponzo,10.8,0.2225,0.1575,0.19,0.16432,0.21864,0.065,152,800
vlm,Ponzo,14.4,0.1825,0.0225,0.1025,0.08335,0.12545,0.16,82,800
vlm,Ponzo,18.0,0.17,0.0875,0.12875,0.1073,0.15375,0.0825,103,800
vlm,Ponzo,21.6,0.0675,0.02,0.04375,0.03162,0.06024,0.0475,35,800
vlm,Ponzo,25.2,0.16,0.3175,0.23875,0.2105,0.2695,-0.1575,191,800
vlm,VerticalHorizontal,-66.5,0.3925,0.0025,0.1975,0.17139,0.22651,0.39,158,800
vlm,VerticalHorizontal,-57.0,0.02,0.0,0.01,0.00508,0.01961,0.02,8,800
vlm,VerticalHorizontal,-47.5,0.0575,0.0,0.02875,0.01923,0.04277,0.0575,23,800
vlm,VerticalHorizontal,-38.0,0.115,0.0,0.0575,0.04338,0.07585,0.115,46,800
vlm,VerticalHorizontal,-28.5,0.0,0.0,0.0,0.0,0.00478,0.0,0,800
vlm,VerticalHorizontal,-19.0,0.0,0.0,0.0,0.0,0.00478,0.0,0,800
vlm,VerticalHorizontal,-9.5,0.0,0.0,0.0,0.0,0.00478,0.0,0,800
vlm,VerticalHorizontal,0.0,0.005,0.01375,0.00937,0.00569,0.01541,-0.00875,15,1600
vlm,VerticalHorizontal,9.5,0.8725,0.0475,0.46,0.42574,0.49465,0.825,368,800
vlm,VerticalHorizontal,19.0,0.5025,0.3925,0.4475,0.41338,0.48213,0.11,358,800
vlm,VerticalHorizontal,28.5,0.695,0.4725,0.58375,0.54927,0.61743,0.2225,467,800
vlm,VerticalHorizontal,38.0,0.9925,0.7025,0.8475,0.82093,0.87075,0.29,678,800
vlm,VerticalHorizontal,47.5,0.8825,0.3575,0.62,0.58587,0.65299,0.525,496,800
vlm,VerticalHorizontal,57.0,0.875,0.3925,0.63375,0.5998,0.66642,0.4825,507,800
vlm,VerticalHorizontal,66.5,0.995,0.22,0.6075,0.57323,0.64075,0.775,486,800
